noms;usages;Habitat;information;Rarert�;D�but;Fin;Prolif�ration
Sajutte;Herbe de repos;For�ts, plaines, marais, montagnes;Petite herbe � s�ve blanche, tr�s poisseuse, poussant aussi bien en for�t qu??en plaine, qu??en marais. (Plus rare en montagne). Commune.;0;1;34;6/6/6/3 brins
Aigronce;Herbe de repos;For�ts, lisi�res;Vari�t� de klampine � l??odeur aigre et piquante. Pousse en lieux bois�s des climats temp�r�s, parfois en lisi�re. Fr�quente.;-3;35;38;5/5 brins
Tanemiel d'argent;Herbe de repos;For�ts humides et chaudes;Vari�t� de tanemiel aux reflets argent�s, poussant comme ses fr�res en for�ts humides et chaudes, et dont l'existence est presque aussi mythique. Rare.;-7;39;39;2 brins
Endorlotte;Herbe de soins;Toutes for�ts;Herbe de soin sp�cifique. Plante voisine du gui, poussant en parasite dans les branches des arbres de toutes for�ts, l'endorlotte est une herbe de soin dont le pouvoir est limit� � la phase de r�cup�ration des points de vie. Son bonus de gu�rison  est de +5 et elle doit �tre consomm�e en d�coction de 7 brins. La r�cup�ration des points de vie est plus avantageuse qu'avec les herbes g�n�riques. Rare.;-5;40;40;7 brins
Fausse Suppure;Herbe de soins;Prairies, landes, toutes for�ts;Mousse semblable � la suppure mais plus s�che et poussant en tous milieux. Son bonus de gu�rison est de +1. Commune.;0;41;74;11 brins
M�ritoine;Herbe de soins;For�ts de conif�res;Plante rampante et ramifi�e, aux minuscules feuilles vert p�le, s'accrochant aux troncs de certains conif�res. Son bonus de gu�rison est de +3. Fr�quente.;-2;75;83;9 brins
Suppure;Herbe de soins;Toute for�t;Sorte de mousse d??aspect maladif, s'accrochant aux vieux troncs et aux rochers des for�ts, d'o� elle semble suppurer. Son bonus de gu�rison est de +2. Commun;0;84;117;10 brins
Tanemiel;Herbe de soins;For�t chaude et humide;Plante grimpante, dot�e de vrilles, voisine du liseron, de couleur vert laiteux presque blanc, s'accrochant aux arbres des for�ts chaudes et humides. Son bonus de gu�rison est de +9. Rare.;-5;118;118;3 brins
Tanemiel dor�;Herbe de soins;For�t chaude et humide;Vari�t� de tanemiel aux feuilles luisantes de couleur ambr�e. C'est la plus puissante herbe de soin g�n�rique connue. Rarissime.;-7;119;119;2 brins
Saponce;Herbes hygi�niques & cosm�tiques;For�ts temp�r�es ou chaudes;Plante hygi�nique. La saponce est un lierre qui mousse quand on le fait bouillir dans l'eau. Ses feuilles sont utilis�es en guise de lessive.;-3;120;123;De quoi faire 3 lessives
Chronophile;Herbes utiles en Alchimie;Toutes for�ts;Minuscule herbac�e � feuille unique, poussant usuellement dans les for�ts, parmi les mousses o� elle est difficile � rep�rer. La chronophile entretient des rapports �tranges avec le temps. Elle est souvent bien verte en pleine s�cheresse, jaunie en p�riode d'humidit�, rare au printemps, abondante sous la neige, comme si elle �tait en perp�tuel d�calage temporel. Utilis�e en d�coction enchant�e de 3 brins, elle donne une potion qui permet de tirer avantage de ce d�calage temporel. Utilit� alchimique inconnue, mais probable. Rare. Source. RDD2, Livre des mondes p22;-5;124;124;3 brins
Mercurion;Herbes utiles en Alchimie;Toutes for�ts;Base alchimique. Lierre noir�tre s'accrochant aux arbres des for�ts, principalement les ch�nes. Commune.;0;125;158;5 brins
N�vropenthe;Herbes utiles en Alchimie;Toutes for�ts;Base alchimique. Plante foisonnante � grappes de feuilles rondes, dont le vert est souvent piquet� de points rouges. Pousse au coeur de toutes for�ts � l'abri des fourr�s et des ronciers. Rare.;-5;159;159;8 brins
Satum;Herbes utiles en Alchimie;For�ts temp�r�es;Base alchimique. Egalement appel� nez de satin, le satum est une petite plante � feuille unique, douce et moir�e comme le satin, poussant � l'or�e des clairi�res des for�ts temp�r�es. Commune.;0;160;193;6 brins
Basalmier;Herbes & plantes utiles;For�ts humides;"Arbre aux racines noueuses d'environ 25 m et semblable � un ch�ne � aiguilles larges et plates, suintant un liquide poisseux. 
R�ussite normale : La � s�ve � poisseuse du balsamier, appel�e basalm, est un ingr�dient utile en maroquinerie. Elle sert � tanner les peaux de cheval, leur donnant la consistance d'un v�ritable cuir. 
R�ussite significative : Les filaments de basalm sont �galement mis � s�cher, puis tress�s pour obtenir des cordelettes l�g�rement �lastiques et d'une grande r�sistance. Elles servent notamment � encorder les arcs.
R�ussite critique : consomm� en tr�s petite quantit� dilu� dans du lait, le basalm devient une drogue excitante et hallucinog�ne qu'on appelle le ba-ba. Sous son emprise, le r�ve se pare d'une beaut� tragique et fatale, la peur dispara�t et la mort elle-m�me n'est  plus qu'un incident d�risoire. Pour les constitutions non habitu�es, le basalm peut avoir de f�cheux effets, voire �tre un poison mortel, sans antidote. Au gardien des r�ves de juger le cas �ch�ant. Certains guerriers utilisent le ba-ba � l'approche des combats. Fr�quent.";-2;194;202;2 mesures de s�ve c'est-�dire de quoi faire une cordelette ou 4 doses de ba-ba.
Mantula;Herbes & plantes utiles;Tout milieu;"Egalement appel�e � Rose Aphrodite �, la mantula est une vari�t� de rose sans �pine.
R�ussite normale : La mantula est la plante de pr�dilection des amoureux, de ceux qui hantent les jardins en qu�te d'intrigues galantes et de rendez-vous polissons.
R�ussite significative : On pr�te � son parfum capiteux et envo�tant de nombreuses propri�t�s dont la plus av�r�es est l'excitation des sens qu'il procure. Rare";-5;203;203;1 rosier
Ampharombe g�ant;Plantes,  fruits & arbres divers;For�t tropicale;Essence tr�s rare. Ne pr�sente ni vertu, ni danger particulier. On le trouve dans les for�ts tropicales denses o� r�gne une obscurit� verd�tre. Il pousse sur sol spongieux. Rare.;-5;204;204;NA
Autumane dentel�e;Plantes,  fruits & arbres divers;For�ts tropicales;Essence tr�s rare. Ne pr�sente ni vertu, ni danger particulier. Affectionne les for�ts tr�s denses de type tropical. Elle pousse en g�n�ral dans les trou�es de lumi�re. Rare.;-5;205;205;NA
Criarde;Plantes,  fruits & arbres divers;Tout milieu;"R�ussite normale : La criarde est une vari�t� de lys poussant en plants touffus, au feuillage persistant noir brillant et aux fleurs jaune v�n�neux. 
R�ussite significative : Les fleurs, en forme de trompe, s'�panouissent de sir�ne � dragon mais avec des soins quotidiens les jardiniers arrivent � prolonger la floraison de plusieurs mois.
R�ussite particuli�re : Cette plante poss�de l'�tonnante facult� de pousser une sorte de vagissement strident � l'approche de quelqu'un. Rare.";-5;206;206;1 plant
Fausse Endebrume;Plantes,  fruits & arbres divers;Marais, for�ts, hautes vall�es;"Petite plante ramifi�e aux tiges fines comme des cheveux, poussant dans les lieux frais et humides : marais ombrag�s, certaines for�ts, et parfois vall�es de montagne. Plus rare que la vraie Endebrume, qui lui ressemble physiquement, mais poss�de un pouvoir li� � la r�cup�ration de la fatigue. Vue/Botanique � -1 pour savoir � quelle esp�ce on a affaire  jet obligatoire � chaque cueillette. Rare.
";-6;207;207;3/3/2 brins
Foug�re d'Ambigorre;Plantes,  fruits & arbres divers;For�ts tropicales;Essence tr�s rare. Ne pr�sente ni vertu, ni danger particulier. Elle pousse dans les vieilles for�ts humides et chaudes, o� elle trouve refuge dans l'obscurit�. Elle pousse exclusivement sur des sols tr�s humides et craint la lumi�re directe. Rare.;-5;208;208;NA
Haubaniers;Plantes,  fruits & arbres divers;Toutes for�ts;Arbre � grimper. Parfois appel� Saule chagrin ou arbre � grimper, le haubanier est un grand pleureur qui laisse retomber jusqu??au sol un v�ritable lacis de branches minces, flexibles et tr�s solides. Ces branches sont non seulement emm�l�es m mais parfois nou�es et il est aussi facile d'y grimper que de se hisser sur les haubans d'un navire immobile.;-3;209;212;NA
Krako�ne persistant;Plantes,  fruits & arbres divers;For�ts tropicales;Essence tr�s rare. Ne pr�sente ni vertu, ni danger particulier. Le Krako�ne persistant se terre dans les for�ts tropicales denses, o� les enchev�trements de troncs lui apportent l'ombre dont il a besoin pour se d�velopper. Il trouve �galement dans ces jungles l'humidit� n�cessaire � sa survie. Rare.;-5;213;213;NA
Nectarelle;Plantes,  fruits & arbres divers;For�ts tropicales;"Essence tr�s rare. Ne pr�sente ni vertu,
ni danger particulier. Plante parasite des for�ts tropicales humides et chaudes, qui abonde dans les entrelacs de branches mortes. Rare.";-5;214;214;NA
Orchidale;Plantes,  fruits & arbres divers;For�ts tropicales;Pousse parmi les branches, dans les trou�es de lumi�re, au coeur des for�ts tropicales. Rare.;-5;215;215;NA
Primoise pourpre;Plantes,  fruits & arbres divers;For�ts tropicales;Essence tr�s rare. La primoise pousse uniquement dans les for�ts tr�s chaudes, tr�s denses et tr�s humides de type jungle, dans l'obscurit� et sur des sols tr�s meubles. Selon certains orf�vres, la primoise pourpre serait parfois l'h�te d'un cristal de qualit� gemme appel�e Purpurine, ou primosine. (Cf. Orf�vrerie). Rare.;-5;216;216;NA
Rumige � double calice;Plantes,  fruits & arbres divers;For�ts tropicales;Essence tr�s rare. Ne pr�sente ni vertu, ni danger particulier. Comme l'orchidale, elle pousse � l'abri des hautes branches, dans lesquelles elle trouve, au beau milieu des for�ts tropicales, la lumi�re n�cessaire � son �panouissement. Rare.;-5;217;217;NA
S�nabre;Plantes,  fruits & arbres divers;For�ts temp�r�es ou chaudes;"Arbre pigment�. Le s�nabre est un arbre au tronc lisse, vert brun l�g�rement brillant, avec des grappes de feuilles rondes vert fonc� tirant sur le bleu sombre. Le tronc est droit sur une vingtaine de m�tres puis se ramifie en forme de grand parapluie.
R�ussite normale : Quand il pleut, l'eau qui s'�goutte des feuilles se charge d'un pigment vert bleu extr�mement bon teint : le senabrum.
R�ussite significative : La couleur s'enl�ve assez bien de la peau, � condition de frotter, mais est quasiment ind�l�bile sur les cheveux, les poils, la fourrure et les tissus.
R�ussite particuli�re : Le senabrum est peu utilis� par les teinturiers car le pigment ne se lib�re que des feuilles fra�ches. Les feuilles s�ches ne sont d'aucune vertu. Rare.";-6;218;218;1 mesure de senabrum
Cheleuse;Herbes venimeuses et carnivores ;Tout milieu;Plante venimeuse. Fausse menthe � feuilles urticantes. [M1 / P 5 minutes /D1 / -3 / Liqueur de Bagdol +16,Mirobolant +14]. Fr�quente;-2;219;227;1 plante
Enervure;Herbes venimeuses et carnivores ;Tout milieu;Fausse foug�re aux feuilles tranchantes comme des rasoirs, distillant un venin mortel. [M3 / P 1 minute / D2 / -3 / Tournegraisse +14, Mirobolant +10]. Fr�quente.;-2;228;236;1 plante
Ortironce;Herbes venimeuses et carnivores ;Tout milieu;Ronce venimeuse infestant de nombreux fourr�s. [M4 / P 1 minute / D2 / -3 / Bitume de camphre +12, Teinture d'Erozonne +8]. Commune;0;237;270;1 plante
Ossiphage;Herbes venimeuses et carnivores ;Tout milieu;"R�ussite normale : Egalement appel�e suceuse d'os, c'est une liane rampante � feuilles triangulaires de couleur violac�e.
R�ussite significative : Chaque feuille est dot�e de trois longs piquants, une � chaque pointe de son triangle. Son venin est si foudroyant que la victime n'a souvent pas le temps d'aller bien loin et meurt emp�tr�e dans la liane. Il arrive que l'on retrouve un squelette entier au coeur d'un bouquet d'ossiphage, chaque os maintenu en place par les vrilles de la plante. [M6 /P 3 rounds / D4 / -5 / Perle de Bjwal+10, Huile de S�likanthe +6]. Rare";-5;271;271;1 plante
Totote;Herbes venimeuses et carnivores ;For�t tropicale;"Plante carnivore. La totote est une splendide mais redoutable plante carnivore g�ante. Elle a la forme g�n�rale d'une tulipe tr�s d�coup�e avec des p�tales d'environ 50 cm et une corolle d'un m�tre de diam�tre. Ses couleurs sont un brillant  chamarr� de pourpre, de violet et de rose tyrien avec des �tamines noires et duveteuses comme du velours.
R�ussite normale : Elle chasse en abaissant sa corolle jusqu'au sol et en �mettant un parfum sensuel et soporifique auquel les mammif�res ne peuvent r�sister. Oiseaux, reptiles et insectes y sont immunis�s. Captiv�e et rendue somnolente, la proie ferme les yeux et p�n�tre d'elle-m�me entre les p�tales charnus qui se referment alors aussi brusquement que des m�choires. L�, de puissants sucs digestifs l'engluent et la dig�rent.
R�ussite significative : Les humains sont en principe trop grands pour servir de p�ture � la totote mais n'en sont pas moins sensibles � son parfum. Quiconque, dans le voisinage d'une de ces fleurs manque � la fois un jet de Constitution � -2 et de Volont�/Moral � -2 se sent la proie d'une d�licieuse torpeur et ne peut s'emp�cher de s'allonger sur le sol, au pied de la fleur, pour faire une petite sieste.
R�ussite particuli�re : Le probl�me, si on le laisse faire, est que, le parfum continuant � agir sans rel�che, il devient � tout jamais incapable de se r�veiller. Compl�tement insensibilis�, il ne sent m�me pas la morsure des insectes qui le d�vorent peu � peu. Pour lui faire reprendre conscience, il faut l'emporter loin de la fleur et lui faire respirer un air pur.";-7;272;272;1 plante
Bl�di�ze.;C�r�ales ;Tout milieu;"R�ussite normale : C'est une c�r�ale voisine du bl� dur. On en fait entre autre de la farine.
R�ussite significative : Moins riche que le bl�moud, la farine de bl�di�ze est principalement consomm�e sous forme de bouillies ou de brouets. Egalement utilis�e comme liant dans les sauces l�g�res.
R�ussite particuli�re : Le bl�di�ze est parfois utilis� en lieu et place du bl�moud dans la recette des b�r�blasques, sort de petites cr�pes rissol�es, mais dans ce cas, elles sont un peu plus bourratives. Commun.";0;273;306;1 champ
Bl�moud.;C�r�ales ;Tout milieu;"R�ussite normale : C'est la c�r�ale panifiable par excellence. La farine de bl�moud est l'�quivalent de notre froment.
R�ussite significative : Elle est plus riche que le bl�di�ze.
R�ussite particuli�re : Le bl�moud est utilis� dans la recette des b�r�blasques, sort de petites cr�pes rissol�es. On peut le remplacer par de la farine de bl�di�ze mais dans ce cas les cr�pes sont plus bourratives. Commun.";0;307;340;1 champ
Muid.;C�r�ales ;Tout milieu;"R�ussite normale : C�r�ale voisine de l'orge, servant � la confection de la bi�re, entre autre une bi�re ambr�e aux multiples variantes.
R�ussite significative ou particuli�re : Par extension, on donne parfois le nom de muid aux tonneaux destin�s � cette boisson. Fr�quente";0;341;374;1 champ
Barbe de Dragon;L�gumes;Tout milieu;Racine comestible. Nom donn� � un tubercule voisine de la pomme de terre mais dont les germes se ramifient en un r�seau tr�s fin, donnant l'aspect d'une barbe broussailleuse. Rarissime.;-7;375;375;5 sust
Bloute;L�gumes;Tout milieu;Racine comestible. Tubercule voisin de la patate douce � la chair glaireuse et fade. Les bloutes sont mises au s�choir puis broy�es en farine pour �tre consomm�es. Fr�quent.;-2;376;383;3 sust
Cucubre;L�gumes;Tout milieu;Porte-p�pin comestible. Gros concombre ray� vert et noir. Fr�quent.;-2;384;391;2 sust
Finerave;L�gumes;Tout milieu;Racine comestible. A l'instar de sa cousine, la finerave s'enterre pour grossir � l'abri des regards. Plus allong�e que ronde, elle prend parfois la forme vaguement f�minine, � la taille fine. De couleur plut�t violac�e que rouge, sa chair est tr�s sucr�e. Assez fr�quent.;-3;392;395;4 sust
Lapses;L�gumes;Tout milieu;Cosse comestible. Sorte de lentille blanche devenant translucide;-2;396;404;3 sust
Pois riches;L�gumes;Tout milieu;"R�ussite normale : Cosse Comestible. A la diff�rence de son terne cousin, le pois chiche, les pois riches sont multicolores, ce qui donne � votre assiette un ind�niable air de f�te et de liesse, quand bien m�me vous n'avez que cela � manger.
R�ussite significative ou particuli�re : Dans certaines r�gions ensoleill�es, on trie les pois riches par couleur avant de les moudre en farine pour pr�parer une large cr�pe arc-en-ciel, cuite au four � pain. Rare.";-4;405;406;4 sust
Quaroce;L�gumes;Tout milieu;Porte-p�pin comestible. Enorme courge arrondie et ventrue de couleur jaune orang�. Fr�quent.;-2;407;415;4 sust
R�f�ble;L�gumes;Tout milieu;Racine comestible. Radis � saveur sucr�e. Fr�quent.;-2;416;424;4 sust
Turneps;L�gumes;Tout milieu;Racine comestible. Gros navet au go�t tr�s doux de la taille d'un melon. Fr�quent;-2;425;433;3 sust
B�jaune;Epices & Aromates;Plaines et for�ts;fleurs jaunes semblable au bouton d'or, la b�jaune allie le go�t de l'ail � celui de la r�glisse. Les feuilles ont davantage le go�t de la r�glisse, tandis que la saveur de l??'ail se concentre dans les fleurs.Commune.;0;434;467;4 brins
Bureth;Epices & Aromates;Tout milieu;La bureth est une plante aux grandes et belles fleurs de couleur cuivr�e, dont les graines sont particuli�rement ol�agineuses. C'est la principale source d'huile v�g�tale dont la forme brute sert �galement d'huile � br�ler, pour les lampes. Fr�quente.;-2;468;476;
Canople;Epices & Aromates;For�ts;Aromate comestible. La canople est une belle fleur orang�e qui pousse � l'ombre des grands arbres. Ses graines, moulues, donnent une farine rousse ayant le go�t de la cannelle. Fr�quente.;-2;477;485;
Klampine;Epices & Aromates;Plaines et for�ts;Aromate comestible. Tr�s appr�ci�e des klampins pour son go�t et son ar�me de thym et de laurier, la klampine est une plante basse aux feuilles rondes poussant en grappes. Commune;0;486;519;6 brins
Luciane;Epices & Aromates;For�ts;Aromate comestible. La luciane est un persil phosphorescent qui conserve sa propri�t� singuli�re quelques jours apr�s sa cueillette, d'o� son utilisation pour les d�ners et les soupers. Assez fr�quente;-3;520;523;8 brins
Mentharde;Epices & Aromates;Plaines et for�ts;Aromate comestible. Grande plante � fleurs blanches et produisant de nombreuses graines, la mentharde allie le go�t et le parfum de la menthe � ceux de la moutarde. Commune.;0;524;557;20 brins
Muscaline;Epices & Aromates;For�ts;Aromate comestible. Nom donn� � la graine du fruit du muscal, un arbuste atteignant 3 m�tres de haut, aux magnifiques grappes de fleurs mauves. Les graines de muscal ont la grosseur de petites noix et la duret� du bois. On les consomme en les r�pant. Leur go�t est celui de la noix de muscade auquel s'allie un d�licat parfum de lilas.Fr�quente.;-2;558;565;2 brins
Amandelle;Fruits et baies comestibles;Tout milieu;Fruit comestible. Fr�quente. Fruit de l'amandelier, un petit arbuste � feuilles tr�s d�coup�es de couleur mauve p�le � violet fonc�. L'amandelle est une noix plate et allong�e au go�t d'amande alli� au parfum de violette. Fr�quente;-2;566;573;2 sust
Bombarde;Fruits et baies comestibles;Lieux tr�s ensoleill�s;"R�ussite normale : La bombarde est le fruit du bombardier, arbre de la famille des palmiers vivant dans des lieux tr�s ensoleill�s (plaines, collines basses oasis des d�serts, �les tropicales) au tronc vert p�le de 20 � 40 m�tres de haut. L'arbre n'a de branche qu'� son sommet et c'est l� que poussent ses fruits. Les bombardes sont des fruits ronds d'environ 15 cm de diam�tre, entour�s d'une �corce tr�s dure toute stri�e d'un croisillon de cannelures. La pulpe est rouge, juteuse et sucr�e.
R�ussite significative : Lorsque le fruit est presque � maturit�, il se d�tache de lui-m�me et tombe sur le sol. Durant cette p�riode, il continue � m�rir et fermente jusqu'� ce qu'il explose, 3 � 30 heures apr�s s'�tre d�tach� de son arbre. Quiconque se trouve dans un rayon de 50 m�tres doit alors tester sa Chance, ajust�e astrologiquement, selon la distance qui le s�pare du point d'explosion (-8 de 1 � 3 m�tres ; -6 de 3 � 10 m�tres, -4 de 10 � 20 m�tres, -2 de 20 � 35 m�tres et 0 de 35 � 50 m�tres). Si le jet �choue, la personne ou cr�ature subit un jet d'encaissement � +3.
R�ussite particuli�re : Tant que le fruit ,'est pas � maturit� totale, il peut �tre ouvert sans risque (avec un couteau). Son pouvoir nutritif d�pend du temps de solitude de la bombarde, c'est-�-dire du temps �coul� depuis qu'elle a �t� s�par�e de l'arbre. Quand elle explose, elle est toujours tr�s m�re en ce qui la concerne elle, mais son pouvoir nutritif d�pend, lui, du temps de solitude : Avant 3 heures rien  3 � 6 heures � sust 6 � 12 heures 1 sust 12 � 20 heures 2 sust 20 � 24 heures 3 sust
24 � 26 heures 4 sust 26 � 28 heures 6 sust 28 � 30 heures 8 sust Le temps de solitude d'une bombarde ne peut �tre devin� qu'en r�ussissant Intellect/Botanique � -6 et le d�lai qui lui reste avant d'exploser en r�ussissant Vue/Botanique �-8. Les bombardiers portent des fruits du mois de la Couronne � la fin du mois du Serpent. Un arbre moyen produit environ 50 bombardes par saison. Assez  fr�quente.";-3;574;577;Sust variable
Calamine;Fruits et baies comestibles;Tout milieu;Fruit comestible. 1 sust la livre. Fruit du calaminier, sorte de figuier rampant dot� de lianes et de vrilles. La calamine pousse en petites grappes semblables � de grosses prunes noires au go�t mifigue mi-raisin. Les calamines arrivent � maturit� au mois des Ep�es.;-3;578;581;3 sust
Coque-noix;Fruits et baies comestibles;For�ts chaudes;"Sorte de grosse noix � la coque tr�s dure.
R�ussite normale : � l'int�rieur, le fruit de la coque-noix baigne dans une sorte de liquide sucr� au go�t de fraise. La noix elle-m�me ressemble � une grosse noix g�ante.
R�ussite significative : Pousse sur de grands arbres aux troncs lisses. 
R�ussite particuli�re : Tr�s appr�ci�es des Farsinges. Fr�quente. ";-2;582;589;6 sust
Croquebille;Fruits et baies comestibles;Collines et for�ts;Fruit comestible. Fr�quent. Petite cerise sauvage, de couleur jaune orang�, au go�t acide et � la chair tr�s ferme. Egalement appel�e Crotte de Plorniches dans certaines r�gions recul�es. Commune.;0;590;623;2 sust
Lulube;Fruits et baies comestibles;Tout milieu;Fruit comestible. Fruit du lulubier, arbre de la taille d'un cerisier. La lulube est un petit fruit rouge dont le go�t est un panach� de cerise et de citron. (Alch. Elixir des gnomes). Fr�quent;-2;624;632;4 sust
Madzagra;Fruits et baies comestibles;R�gions chaudes;Arbuste des r�gions chaudes comme la l�gendaire terre de Bagdol dont il est suppos� originaire. Ind�pendamment de ses vertus alchimiques, ses graines sont consomm�es en infusion et donnent une boisson noire, cors�e et tonifiante. Rare.;-5;633;633;4 �cailles de graines
M�likasse;Fruits et baies comestibles;Tout milieu;Fruit comestible. Fruit du m�likassier, arbuste buissonneux voisin du sureau. La m�likasse pousse en grappes de petites baies noires. Insolite, son go�t est un m�lange de cassis et de savon. Fr�quent.;-2;634;642;3 sust
Noisem�re;Fruits et baies comestibles;For�t;Fruit comestible. 1 sust la livre. Fruit du noisem�rier, petit arbuste tr�s ramifi� vivant en sous-bois � l'ombre des grands arbres. La noisem�re a ext�rieurement l'apparence d'une grosse noisette � la coquille rouge�tre et granul�e. Sa chair est tendre, juteuse et sucr�e. Fr�quent;-2;643;651;3 sust
Pamprevoise;Fruits et baies comestibles;For�t, colline, plaine, montagne;"R�ussite normale : Fruit comestible. 2 sust pour une livre. Fruit du ayant, un arbuste buissonneux de la famille des ronces. La ayant est une baie juteuse et sucr�e, mi-airelle, mi-framboise. Sa taille n'exc�de pas la taille d'un grain de framboise et elle pousse en petites grappes de grains lisses, � la peau translucide et � la chair de couleur rose fonc�.
R�ussite significative : Press�es et ferment�es, elles donnent une liqueur de force 3 par demi-mesure (10 cl). 
R�ussite particuli�re : Consomm�e pendant la cueillette, leur teneur en alcool est d�j� suffisamment forte pour tourner l�g�rement la t�te (Force 0, 1 sust consomm� correspond � une dose). Assez rare.";-4;652;653;6 sust
R�ble;Fruits et baies comestibles;For�ts Temp�r�es;Petit fruit envelopp� dans une peau granuleuse de couleur rose. Go�t tr�s sucr� et parfum de miel. On en fait parfois du sirop. Fr�quente;-2;654;662;4 sust
Cr�tam�re;Fruits v�n�neux;For�t, colline, plaine;Petite fraise des bois en forme de cr�te dentel�e. Son go�t est tr�s amer et devrait suffire � dissuader les gourmands. [M3 / P 3 minutes / D2 / -3 / Lait de Lune +12, Gel�e royale +8]. Fr�quent.;-3;663;666;NA
Croupigne;Fruits v�n�neux;For�t;Sorte de groseille rose p�le, poussant � l'or�e des sous-bois et des clairi�res. [M2 / P 5 minutes / D1 / -3 / Elixir des gnomes +16, Gel�e royale +10].Fr�quent.;-2;667;674;NA
Asper violet;Champignons comestibles (nb/sust);For�t;Champignon violet � pied filiforme et chapeau pointu tr�s effil�;-2;675;682;30/50 (Qualit� 2)
Bolet d'Abopi� / aumessique;Champignons comestibles (nb/sust);Tout milieu;"Vari�t� de bolets bleu ciel � chair et tubes jaunes. Mets de choix, il est cependant de plus en plus rare de le trouver hors des abords de la ville d'Abopi�. Avec un jet de Intellect/L�gendes-2 r�ussi, un personnage saura que ces �tranges champignons se dirigent invariablement vers la ville d'Abopi�. Avec une significative il se souviendra m�me qu'on pr�tend que ces champignons seraient apparus dans la ville d'Abopi� � la fin du Second �ge et, qu'�parpill�s dans les r�ves par des d�chirures, ils auraient entrepris de rentrer chez eux. Quelques l�gendes relatent m�me la grande migration des premi�res d�cennies du Premier �ge o�, pr�tend-on, des villages auraient �t� �cras�s par la masse d'une vague inexorable d'aumessiques en mouvement. On parle aussi beaucoup de ces voyageurs �gar�s, d�sirant rentrer dans leur ville d'Abopi� et suivant pour cela un de ces guides providentiels. On pr�tend encore que depuis lors la ville d'Abopi� serait enfouie sous un monceau de ces champignons.
R�ussite normale : Ce champignon rarissime a la facult� de se d�placer, c'est en outre un comestible excellent.
R�ussite significative : S'il n'est la proie d'aucun pr�dateur ce champignon peut atteindre pr�s de trente ans avant de ""mourir "". Grandissant les dix premi�res ann�es, il peut atteindre une taille de chapeau de 40 centim�tre de diam�tre pour un pied en massue d'un diam�tre un peu plus gros � la base.
R�ussite particuli�re : Ces champignons se d�placent vers une m�me destination. Une ville para�t-il. Rarissime";-10;683;683;1/1 (Qualit� 5)
Bolet �clair / bolet coup de vent / bolet coureur;Champignons comestibles (nb/sust);For�ts et plaines;"Bolet enti�rement blanc � tubes rouges. Son myc�lium forme une myriade de petites pattes tr�s mobiles et en font le  champignon le plus rapide de nos plaines et de nos for�ts. Pour s'approcher de ce champignon il faut r�ussir un jet de Dext�rit�/Discr�tion modul� par la difficult� du terrain, par exemple -6 dans un sous-bois de branches mortes. Au moindre bruit, il se met en mouvement et prend une courbe al�atoire du type du vol d'une abeille dans la direction oppos�e. Sa
vitesse est �quivalente � un M�l�e (15)/Course � +4.
R�ussite normale : Bien que difficile � attraper, ce champignon constitue un mets de choix.
R�ussite significative : Fruit d'une longue �volution, ce champignon a appris � prendre la fuite au moindre bruit. Afin de maximiser ses chances d'entendre les animaux approcher, il passe ses journ�es en for�t ne se risquant dans la plaine qu'� la nuit tomb�e pour r�colter la ros�e.
R�ussite particuli�re : Il est illusoire de vouloir lui courir apr�s, il vaut mieux le pi�ger dans la plaine simplement en constituant des pi�ges � eau. Il s'agit simplement de trous peu profonds dans lesquels on verse de l'eau. Le champignon, attir� par la fra�cheur et l'humidit� s'y dirigera automatiquement. Rare.";-5;684;684;3/1 (Qualit� 4)
Bolet frappeur/arpenteur des for�ts;Champignons comestibles (nb/sust);For�ts denses d'�pineux;"Bolet � chapeau orange, chair et tubes beiges. Certains sp�cimens peuvent atteindre une bonne taille (une cinquantaine de centim�tres de haut).
R�ussite normale : Le chapeau n'est pas consommable. Il faut frapper le pied longtemps sur une pierre plate pour l'attendrir avant de le pr�parer. Ceci dit, ainsi appr�t�, le bolet frappeur est nourrissant et appr�ci� des gourmets. Ce champignon a la facult� de se d�placer � vitesse moyenne. 
R�ussite significative : Le chapeau de ce champignon est muni d'une coque tr�s r�sistante, impropre � la consommation. Avec un peu de pugnacit� on peut cependant en extraire quelques grammes d'une chair tr�s go�teuse (Qualit� 5) et recherch�e.  Allant g�n�ralement � la paisible cadence d'un kilom�tre par heure, le bolet frappeur sait se montrer ent�t�. Lorsqu'il rencontre un obstacle il recule pour prendre de l'�lan avant de se pr�cipiter sur sa cible. Reculant de plus en plus au fur et � mesure des essais, la lutte ne cesse que lorsqu'il a bris� l'obstacle ou lorsqu'il a bris� son chapeau. La prolif�ration de ce champignon peut s'av�rer dramatique pour les villages. Rarissime";-6;685;685;2/2 � 8 (Qualit� 3)
Bolet labial / Le crieur / champignon musical;Champignons comestibles (nb/sust);For�ts, sols sablonneux, sous les conif�res;"Vari�t� de bolets � chair rose et peau verd�tre. Il pousse essentiellement en �t� et en automne sous les conif�res et les sols sablonneux. Bien que morphologiquement diff�rent du champignon flutteur (Cf. La Dame des songes, voyage de Denis Gerfaud �dit� par Multisim) les propri�t�s sonores des deux sp�cimens font qu'on les confond souvent.
R�ussite normale : Comestible d'int�r�t il est cependant fr�quemment d�daign� � la cueillette pour les cris stridents qu'il pousse, de temps en temps spontan�ment, mais fr�quemment lorsqu'il est malmen�. En particulier, quelques semaines apr�s la pluie, lorsque les champignons commencent � d�cliner, les rares for�ts de crieurs subissent une v�ritable cacophonie faisant fuir le gibier pour quelques temps.
R�ussite significative : Il est � noter que ce champignon a l'�trange propri�t� de ne prof�rer durant toute son existence qu'une seule et m�me note et qu'il s'agit d'une note parfaite jusqu'� ce que le champignon d�cline et se "" d�saccorde "". Champignon "" sociable "", il est rare de voir pousser c�te � c�te des sp�cimens produisant des notes dissonantes. Lorsque cela arrive, l'un ou l'autre des champignons s'affaisse et meurt, le plus souvent les deux, ce qui rend l'expansion et la culture particuli�rement difficile. Le son est provoqu� par l'expulsion brutale de l'air emprisonn� dans les tubes du champignon. La note est fonction du diam�tre des tubes.
R�ussite particuli�re : Issu des for�ts proches de la ville d'Acapello, c'est l� bas qu'on en trouve le plus. Depuis la fin du Second �ge il s'est r�pandu un peu partout dans le r�ve, quoique toujours rare. Il para�t que dans la ville d'Acapello on utilise ce champignon pour faire des instruments de musique, et qu'en Essius on l'utilise pour cr�er des syst�mes d'alarme. Fr�quent ";-2;686;693;30/9(Qualit� 2)
Bolet mauve;Champignons comestibles (nb/sust);For�ts de feuillus;"R�ussite normale : Vari�t� de bolet mauve poussant sous les feuillus, g�n�ralement dans l'herbe en bordure de chemins. On le trouve plus ou moins aux m�mes places d'une ann�e sur l'autre. Sa chair molle en fait un comestible de peu de qualit�. En outre certaines personnes particuli�rement r�ceptives peuvent se mettre � baver inopin�ment pendant des heures apr�s chaque ingestion. On en trouve g�n�ralement 4 ou 5 exactement au m�me endroit et si on en trouve � un endroit il y a de fortes chances qu'il y en ait un peu partout autour. Un jet de Chance � +8 permettra de d�cider si un personnage est r�ceptif � ce champignon. Sur un �chec normal, l'ingestion de ce champignon provoquera � tous les coups une surabondance de salive pendant une heure. Sur un �chec particulier le fait de manger de ce champignon aura des effets sur toute une journ�e draconique, accompagn�s de fi�vre et de la perte d'un point de vie r�cup�r� � la fin de la p�riode. Dans le cas d'un �chec total, chaque ingestion est en outre accompagn�e d'une pouss�e de bav�lose aigu�.
R�ussite significative : C'est un h�te appr�ci� des jardins pour sa redoutable capacit� � occire les limaces et autres gast�ropodes qui entrent en sudation extr�me en contact avec la moindre spore de ce champignon. Malheureusement, personne n'a encore trouv� le moyen de le cultiver. Un jet de Intellect/Alchimie -3 permettra au personnage de conna�tre l'existence d'une recette alchimique contre les limaces. Avec une particuli�re, le personnage aura m�me la possibilit� de la conna�tre.
R�ussite particuli�re : Dans certains pays on fait aussi un tr�s bon alcool de limaces gr�ce � ce champignon. Fr�quent";-2;694;701;10/5 (Qualit� 1)
Bolet d'Odo;Champignons comestibles (nb/sust);For�ts d'�pineux;"Bolet enti�rement jaune dont les tubes suppurent un liquide r�sineux, bleu translucide. Il pousse g�n�ralement sur un lit d'�pines de sapin.
R�ussite normale : Comestible, il est g�n�ralement d�daign� � la cueillette pour ses qualit�s gustatives douteuses. Le pied a un go�t de t�r�benthine, et le chapeau un go�t de chloroforme.
R�ussite significative : Une ingestion massive de ce champignon provoque l'endormissement. 
R�ussite particuli�re : Ce bolet r�alise une synth�se alchimique complexe � partir des aiguilles de sapin. La r�sine qui suppure de ses tubes est un puissant ingr�dient qui entre dans la composition de divers narcotiques. La r�sine d'Odo, ou faux ambre, est �galement utilis�e en alchimie. Assez rare.";-4;702;703;20/4 (Qualit� 1)
Bolet ombelliforme, ombrelle commune;Champignons comestibles (nb/sust);For�t, Sous-bois clairsem�s;"Bolet violet  �  lie-de-vin,  pieds  fins, chapeau large et peu �pais.
R�ussite normale :  Ce champignon arboricole comestible  pousse  g�n�ralement  en  masse  sur  un  m�me arbre.  A la mort de ces champignons les  for�ts  pr�sentent  un  spectacle f�erique de petits parapluies voletants. 
R�ussite significative : Tout au long de sa vie ce champignon monte lentement � un arbre, se nourrissant des mousses et lichens qui y poussent. A la fin de sa vie il se laisse choir et volette vers le sol qu�il fertilisera et ensemencera la prochaine g�n�ration d'ombrelles. 
R�ussite particuli�re :  Il existe une vari�t�  tr�s  dangereuse  de  se champignon  appel�e  bolet ombelliforme  sauvage,  ou  ombrelle sauvage,  ou  ombrelle  malsaine,  et parfois  m�me  ombrelle  thanataire  car on  dit  que  cette  vari�t�  a  �t�  con�ue magiquement�";0;704;737;100/30 (Qualit� 2)
Bolet ombelliforme sauvage / ombrelle sauvage / ombrelle malsaine / ombrelle thanataire;Champignons comestibles (nb/sust);For�t, Sous-bois clairsem�s;"R�ussite  normale  :  L'ombrelle  sauvage est  carnivore.  Elle  peut  atteindre  1m d'envergure et se laisse choir au bas des branches  pour  capturer  les  petits rongeurs  sous  son  chapeau  qu'elle  a  la possibilit� de refermer.
R�ussite  significative  : Vraisemblablement  obtenue par haut-r�ve  �  partir  de  l'ombrelle  commune, elle  se  d�place  doucement  mais furtivement  et  a  la  capacit�  de  se camoufler vilement.
R�ussite  particuli�re  :  Les  tubes  de  ce champignon  suppurent  un  acide  qui acc�l�re  la  d�t�rioration  du  cadavre qu'il  rel�che  rapidement  pour  s'en nourrir  via  l'humus.  On  pr�tend que certaines vari�t�s peuvent atteindre des tailles  gigantesques,  de  nature  � inqui�ter l'homme ou m�me un cheval. Il  n'est  pas  malais�  de  pr�ter  de l'intelligence  �  ces  plantes  tant  leur comportement a �t� �tudi� et cr�� pour en faire des pr�dateurs. Elles n'agissent cependant que par pur r�flexe : monter dans les arbres et se l�cher rapidement lorsqu'une  source  de chaleur  se  trouve en  dessous.  Ces  champignons ont une consistance  charnue  et  ferme  ainsi qu'un  petit  go�t  de  viande  et  de noisette. Un d�lice. Rare.";-5;738;738;10/6 (Qualit� 4)
Bolet vinasseux / cuitard malodorant / trogne du p�re iram;Champignons comestibles (nb/sust);For�ts d��pineux;"Ce bolet rouge�tre et rugueux doit son nom � sa forte odeur de vinasse et � sa forme  qui  n'est  pas  sans  rappeler  la trogne  d'un  ivrogne.  Un  jet  de Odorat/Survie  en  for�t-2  pourra 
permettre de le rep�rer � l'odeur. 
R�ussite  normale  :  De  consistance spongieuse  lorsqu'il  est  vieux,  il  est suffisamment  ferme  lorsqu'il  est  jeune et  son  odeur  est  assez  neutre  pour  en faire un comestible acceptable (tout au plus  n'est-il  pas  besoin  de  rajouter  de vin  dans  la  sauce).  Il  pousse g�n�ralement  au  pied  des  �pineux  par groupe  de  5  �  100  sp�cimens  plus  ou moins  espac�s  les  uns  des  autres,  en g�n�ral  par  paires  d'individus  appuy�s l'un sur l'autre.
R�ussite  significative  :  Un  jet  de Intellect/L�gendes -4 pourra apprendre au personnage que le nom commun de "" trogne du p�re Oiram "" provient d'un draconiste  du  Second  �ge  tristement c�l�bre pour n'avoir jamais desso�l� de sa  vie.  Le  bon  p�re  Oiram,  ou  ""  p�re marie haut "" comme on l'appelait, avait fait sien le  record de mariages de t�tes couronn�es.  Bien  connu  pour  ses frasques �thyliques  dans la  sacristie  on pr�tend  qu'il  �tait  si  saoul  qu'il  faisait �crire  et  lire  ses  messes  par  quelqu'un d'autre. 
R�ussite particuli�re : Il est possible de r�aliser un  traitement  coriace contre  la gueule  de  bois  �  l'aide  des  vieux sp�cimens  s�ch�s  en  tranches,  r�duits en poudre et inhal�s (perte nstantan�e de 3 cases d'�thylisme). Commun.";-1;739;755; 33/10 (Qualit� 2)
Cep abon / Engeance des bois / Malheur du cueilleur;Champignons comestibles (nb/sust);For�ts de r�sineux;"Avec un petit chapeau marron � tubes blancs, pos� sur un gros pied en goutte d'huile, l'abon est l'arch�type  m�me du cep.  Pouvant  atteindre  une  dizaine  de centim�tres  de  haut,  il  pousse  solitaire dans les tapis de feuilles mortes.
R�ussite  normale  : Cousin  tr�s  proche du  cep  itoupar  tant  de  forme  que  de couleur,  l'abon  n'en  partage malheureusement  pas  le  go�t.  Si  le premier est recherch� pour ses qualit�s gustatives,  le  second  est  absolument  � rejeter  pour  son  go�t  ex�crable  de fosse sceptique.
R�ussite  significative  :  Comme  en outre, il suffit d'un simple contact pour que  sa  saveur  soit  communiqu�e  aux autres  champignons,  bon  nombre  de cueillettes  sont  r�guli�rement  ruin�es par  la  pr�sence  d'un  de  ces champignons  dans  le  panier  du cueilleur.  La  nuisance  n'est pratiquement  pas  d�celable  �  l'odeur, elle  l'est  beaucoup  plus  au  go�t.  La 
majorit�  des  cueilleurs  exp�riment�s go�tent  donc  leurs  ceps  itoupars  du bout  de  la  langue  avant  de  les  mettre dans leur panier.
R�ussite particuli�re : V�ritable r�gal du groin,  on  a  vu  des  pactes  scell�s  entre des  villages  et  des  bandes  de  pillards porcins,  ces  derniers  acceptant  de laisser  les  villageois  en  paix  pour  peu qu'on  les  r�gale  d'une  bonne  pot�e d'abons. Assez rare.";-4;756;757;3/1 (Qualit� 0)
Cep itoupar;Champignons comestibles (nb/sust);For�ts de r�sineux;"D'aspect  tr�s  proche  du  cep  abon, l'itoupar pousse g�n�ralement en amas d'une  trentaine  d'individus.  Bien qu'assez  rare,  il  est  connu  et  reconnu pour ses qualit�s gustatives et ceux qui connaissent  les  emplacements  se gardent bien de les transmettre. 
R�ussite  normale  :  On  cueille g�n�ralement ce champignon entre 3 � 6 jours apr�s une averse. C'est en effet �  ce  moment  qu'il  est  suffisamment d�velopp�  pour  qu'on  puisse  le distinguer  sans  se  tromper,  et  que  sa chair est la plus ferme.
R�ussite  significative  :  En  outre,  pass� ce  d�lai,  une  odeur  ammoniaqu�e  qui n'est  pas  sans  rappeler  l'urine  de  chat entache  sa  saveur,  tandis  que  la  chair devient lentement spongieuse.
R�ussite  particuli�re  :  Ce  cep  est  en outre fort appr�ci� pour ses propri�t�s de  conservation.  S'il  est  cueilli suffisamment  jeune,  s�ch�  au  soleil  il ne r�duira pas trop, et son go�t ne sera que peu alt�r�. Plus d�licates et surtout plus  longues  �  r�aliser,  les  conserves  � l'huile  permettent  par  contre,  �  l'instar du vin, d'en bonifier la saveur au fil des ans. Rare.";-5;758;758;30/11 (Qualit� 4)
Corne de r�ve;Champignons comestibles (nb/sust); For�t ;"2  sust  la  livre  (20  champignons). Champignon  en  forme  de  conque violet  sombre.  Sa  saveur  est incomparable.
R�ussite  significative  :  Utilis�e  en alchimie  pour  l'Elixir  des  gnomes. Rarissime.";-8;759;759; 10/5 (Qualit� 5)
"Flasculaire marbr� ou ""beau laid""";Champignons comestibles (nb/sust);For�ts  de  r�sineux  secs;"Champignon lignicole, le  flasculaire  ne pousse  que  sur  les  souches  presque s�ches de  r�sineux.  Il  se  pr�sente  sous la  forme  d'une  cr�te  beige  orang�e reli�e au bois par un pied ligneux. 
R�ussite  normale  :  D'un  int�r�t culinaire  moindre  ce  champignon pousse  vite,  et  quand  on  conna�t  les coins on peut s'en faire facilement des plat�es.
R�ussite  significative  :  Aux  derni�res lueurs  du  jour,  la  cr�te  se  couvre  de t�ches  bleu�tres  qui  semblent  bouger doucement  �  la  surface  squameuse  du champignon.  C'est  certainement  cet aspect  fascinant  qui  valut  �  ce champignon  plut�t  laid  d'�tre  qualifi� de beau.
R�ussite particuli�re : A noter (pour les hauts-r�vants)  que  lorsque  les  taches commencent  �  appara�tre  sur  le chapeau,  la  nature  intangible  du champignon est telle qu'il n'est pas rare d'y  voir  des  signes  draconiques  s'y d�velopper.  Les  signes  apparaissent g�n�ralement autour de l'heure bleue et c'est  aussi  exactement  �  cette  heure-l� qu'ils  sont  les  plus  forts.  A  noter  que ces  signes  r�sonnent  fr�quemment dans le m�me type de cases, les for�ts, et  qu'ils  sont  toujours  associ�s  � Oniros. Assez rare.";-4;760;761;5/15 (Qualit� 1)
Fricortille;Champignons comestibles (nb/sust); For�t ;Bolet  �  pied  mince  et  blanc  �  large chapeau  pointu  blanc  �  pois  bleus. Fr�quent.;-2;762;769;15/30 (Qualit� 3)
Gironcle;Champignons comestibles (nb/sust); For�t ;Sorte de girolle � pied violet et corolle brune dor�e. Rare.;-2;770;777;10/20 (Qualit� 4)
Lactaire d'Egoeu;Champignons comestibles (nb/sust); For�t Sous-bois de feuillus ;"Le lactaire d'Egoeu est certainement le  plus d�licieux de tous les repr�sentants de sa famille. Avec son chapeau orange au  centre  virant  au  turquoise  sur  les bords  et  son  pied  ros�  il  ne  peut  �tre confondu  avec  aucun  autre champignon.
R�ussite  normale  :  Ce champignon est un  mets  exquis  qui  s'accorde  en particulier  tr�s  bien  avec  les  viandes. Malheureusement, il est tr�s rare. 
R�ussite  significative  :  Avec  ce champignon  il  faut  absolument consommer  un  minimum  d'un  verre d'alcool,  sans  quoi  on  s'expose  �  de graves troubles.
R�ussite particuli�re : Ces troubles sont d'ordre  psychique  allant  des  simples troubles de la vision aux hallucinations les plus perverses. Rarissime.";-8;778;778; 30 / 8 (Qualit� 5)
L�piote des guenilles / L�piote thanataire;Champignons comestibles (nb/sust); For�t Sous-bois d'�pineux;"Grand  classique  des  for�ts  au  m�me titre  que  l'amanite  tue-mouches,  la l�piote  des  guenilles  ressemble beaucoup  �  cette  derni�re,  si  ce  n'est que son chapeau est d'un noir profond et  que  les  petits  points  blancs  qui l'ornent  forment  plus  ou  moins nettement un motif de cr�ne aux tibias crois�s.
R�ussite  particuli�re  :  Malgr�  son apparence  peu  engageante,  ce champignon  est  un  mets  raffin�  et d�licieux.  Les  rares  personnes  �  avoir tent�  l'exp�rience  ont  gard�  le  secret pour eux.";-2;779;786;30 / 15 (Qualit� 5)
Manyte cyprine;Champignons comestibles (nb/sust); For�t Sous-bois temp�r�s;"R�ussite  normale  :  Champignon  de taille  moyenne,  le  chapeau  est  plat  et les  couleurs  virent  au  rose  violac�. Comestible, il n'est pas pour autant tr�s pris�. Jeune il est fade, en vieillissant il prend un go�t �quivoque.
R�ussite  significative  :  Avec  l'�ge  un creux  pliss�  se  forme  au  centre  du chapeau  qui  exhume  une  substance lubrifiante utilis�e par les prostitu�es de Haute  Poussie  pour  palier  �  une �ventuelle  d�ficience  naturelle  lors d'affluence de travaux � la maison. 
R�ussite  particuli�re  :  Moins  connues sont les propri�t�s spermifuges du pied de ce champignon, il suffit pourtant de couper  le  pied  en  petits  cubes,  de  les faire s�cher et de les mettre en la place. Fr�quent.";-2;787;794; 20/8 (Qualit� 1)
Manyte phallocrate / champignon du m�le;Champignons comestibles (nb/sust);For�ts  tropicales, marigots;"De  forme  phallique  assez  marqu�e,  il arbore un gros pied blanc plus large et noueux  �  la  base.  Le  chapeau  de couleur beige rosissant avec l'�ge ne se d�ploie que peu, si bien qu'on n'en voit jamais vraiment les lamelles. Avec l'�ge un petit orifice se perce au sommet du chapeau  qui  laisse  s'�couler  un  fluide visqueux. C'est cette derni�re propri�t� qui  classe  ce  champignon  dans  la famille des manytes.
R�ussite  normale  :  Donn�  �  ing�rer  � une future maman ce champignon a la capacit� d'influer sur le sexe de l'enfant �  na�tre.  Les  femmes  souhaitant  avoir des  enfants  m�les  ont souvent  recours aux vertus de ce champignon. 
R�ussite significative : Etrangement, ce champignon a aussi la r�putation d'�tre un  poison plus  ou  moins violent  pour la gent  f�minine.  Un  jet  de Intellect/M�decine-4  permet d'apprendre  qu'ing�r�  cru  dans  une proportion  normale  (1  repas  peut suffire).  Le  champignon  peut  s'av�rer mortel  pour  une  femme  (les  hommes sont  curieusement  immunis�s). Concr�tement,  on  consid�rera  qu'il s'agit  d'une  maladie  dont  la  malignit� est donn�e par le nombre de points de sustentation  ing�r�e.  La  p�riodicit�  est d'une  journ�e,  le  dommage  d'un  point de  vie.  Si  le  champignon  est  cuit  les effets  nocifs  sont  consid�rablement r�duits  (on  remplacera  la  perte  de points  de  vie  par  une  perte  de  points d'endurance  et  la  p�riode  par  deux heures).  La  chance  d'avoir  un  enfant m�le est de 1 sur 2 sans ingestion, de 2 
sur 3 apr�s ingestion cuite et de 3 sur 4 apr�s ingestion crue. Le jet de d�  peut �tre  tent�  apr�s  chaque  ingestion.  Une fois  fix�  �  m�le,  le  sexe  ne  changera plus.
R�ussite  particuli�re  :  Les  propri�t�s actives  du  champignon  sont  plus concentr�es  dans  le  fluide  qui s'�chappe  au  sommet  du  chapeau.  Les principes actifs pr�sents dans ce liquide ont en outre la propri�t� de favoriser la f�condit�. Certains rem�des miraculeux contre  la  st�rilit�  masculine  sont d'ailleurs  confectionn�s  �  partir  de  ce champignon.  Par  exemple  la  pilule  du docteur  Sucnip  (voir  Alchimie  si  le personnage  r�ussit  un  jet Intellect/Alchimie-5). Rare.";-5;795;795; 4/2 (Qualit� 2)
Manyte phalucide / Manyte turgescente / Phale lucide /plaisir de la sorci�re;Champignons comestibles (nb/sust); For�ts  humides  et  marais malodorants;"R�ussite  normale  :  Champignon  �  la forme  phallique  fort  suggestive,  il  se compose  d'une  tige  grise,  �paisse, surmont�e  d'un  petit chapeau  verd�tre qui  ne  se  s�pare  vraiment  de  la  tige qu'en  fin  de  vie.  Comestible  lorsqu'il est  jeune,  il  n'a  cependant  que  peu  de saveur  et  la  tige  est  coriace  et  tr�s fibreuse.  En  fin  de  vie,  la  tige  se ramollit et se d�compose exhumant un liquide  visqueux  exhalant  une  odeur tenace de charogne.
R�ussite  significative  :  De  par  sa texture  ferme  et  sa  forme,  ce champignon  est  parfois  appr�ci�  des dames  pour  des  qualit�s  autres  que gustatives.  Beaucoup  de  chansons grivoises  en  vantent  d'ailleurs  les m�rites,  comme  par  exemple  ""  La sorci�re  aime  la  for�t,  la  for�t  aime  la sorci�re "" (chant 0) et "" La jouvencelle s'en  va  cueillir  des  champignons  "" (chant 0).
R�ussite particuli�re : On raconte aussi l'histoire  du  haut-r�vant  et  m�decin �m�rite  Egralne  Sinep (Intellect/L�gendes-4)  qui  au  Second �ge  aurait  fait  fortune  en  proposant des  proth�ses  oniriques  �  base  de  ce champignon. Fr�quent.";-2;796;803;10/2 (Qualit� 2)
Mousserole;Champignons comestibles (nb/sust); For�t ;Champignon  comestible.  Petit champignon rose  poussant aux  abords des for�ts, tr�s abondant apr�s la pluie, �  la  chair  a�r�e  et  au  go�t  discret  de fruit rouge. Fr�quent.;-2;804;811;20/30 (Qualit� 3)
Primelune;Champignons comestibles (nb/sust); For�t ;Apparaissant le plus souvent � la pleine lune,  c�est  un  petit  champignon  �  pied blanc  et  chapeau  plat  vert  tendre. Commun.;0;812;845;15/15 (Qualit� 1)
Salsimir � points jaunes;Champignons comestibles (nb/sust); For�t ;Sorte  de  bolet  dot�  d�un  pied  blanc et mince, au chapeau arrondi brun � pois jaunes. Commun.;0;846;879;20/40 (Qualit� 1)
Salsimir � points rouges;Champignons comestibles (nb/sust); For�t ;Sorte  de  bolet  dot�  d�un  pied  blanc et mince,  au  chapeau  arrondi  beige  l�ger tachet� de points rouges. Fr�quent.;-2;880;887;20/30 (Qualit� 2)
Salsimir ventru;Champignons comestibles (nb/sust); For�t ;A  points jaunes  ou  �  points rouges,  le salsimir ventru se distingue par un pied large et renfl�. Rare.;-5;888;888;20/30 (Qualit� 4)
Tricollet;Champignons comestibles (nb/sust); For�t ;Champignon  � pied  blanc,  triple  volve et  large  chapeau  vert  �  points  bleus. Rare.;-5;889;889;15/30 (Qualit� 4)
Amanite thanataire;Champignons v�n�neux; For�t ;L'un  des  plus  beau  mais  �galement  le plus  foudroyant  des  champignons v�n�neux.  Pied  et  volve  �l�gamment proportionn�s, chapeau arrondi � peine galb�,  le  tout  par�  d�une  somptueuse teinte blanc argent� rehauss� de  points noirs.  [M7  /  P  3  rounds  /  D4  /  -3  / Tournegraisse  +12,  Perle  de  Bjwal +10]. Fr�quent;-2;890;897;
Arrache-r�ve;Champignons v�n�neux; For�t ;apr�s  l�amanite  thanataire,  procurant une  agonie  des  plus  douloureuses. Ressemble  �  cette  derni�re,  avec  un chapeau  en  boule  au  lieu  de  plat  et galb�.  [M6 /  P  4  rounds /  D4  /  -3  / Tournegraisse  +14,  Perle  de  Bjwal +12]. Fr�quent.;-2;898;905;
Bl�missure;Champignons v�n�neux; For�t ;Champignon  affectant  la  forme  d'une �ponge  de  couleur  grise  bl�me, apparaissant  sur  les  troncs  des  arbres. [M4  /  P  1  minute  /  D2  /  -4  /  Elixir des  gnomes  +14,  Huile  de  S�likanthe +10]. Fr�quent.;-2;906;913;
Bolet phospho / Phospholet;Champignons v�n�neux;For�ts d'�pineux;"Blanch�tre  tout  au  long  de  la  journ�e, ce  bolet  de  taille  moyenne  �met  une faible lueur dans la nuit.
R�ussite  normale  :  Ce  bolet  n'est  pas comestible  et  provoque  des  troubles gastriques  pouvant  clouer  au  lit  les imprudents  pour  quelques  jours.  Les ennuis  ne  vont  n�anmoins jamais  bien plus  loin  qu�une  bonne  diarrh�e, parfois accompagn�e de vomissements. 
R�ussite significative : Dans l'obscurit�, le  phospholet  retransmet  la  lumi�re qu'il  a  engrang�e.  La  restitution  est d'autant  plus  efficace  que  le champignon est rudoy�. Dans certaines contr�es,  comme  par  exemple  dans  le Val  �  l'A�ka,  on  a  coutume  de confectionner  des  lampes  avec  ce champignon.
R�ussite  particuli�re  :  Le  personnage conna�t une m�thode de confection de lampe  phospholette  (voir  alchimie). Rarissime.";-7;914;914;1/1 sust (Qualit� X)
Bousille;Champignons v�n�neux; For�t ;App�tissant  champignon  brun  beige tr�s  semblable  �  la  morille.  [M5  /  P  6 rounds  /  D3  /  -4  /  Teinture d'Erozonne  +  10,  Topazo�ne  +6]. Fr�quent.;-2;915;922;
Fesse de groin;Champignons v�n�neux;Tous milieux temp�r�s;Poussant  �  m�me  le  sol,  sans quasiment  de  pied,  c�est  un champignon  fendu  verticalement, �voquant  un  gros  derri�re  pustuleux. Quand on le bouscule, il �met un bruit incongru,  accompagn�  d�une  odeur p�nible. [M3 / P 1 minute / D1 / -3 / Bitume  de  camphre  +16,  Elixir  des gnomes +12]. Commun.;0;923;956;
Fumebol;Champignons v�n�neux;For�t, prairie;Champignon  brun  ressemblant grossi�rement  au  c�pe  bolet  et  donc aux salsimirs. [M5 / P 8 rounds / D2 / -5  /  Sable-Poudre  +12,  Huile  de S�likanthe +8]. Rare.;-5;957;957;
Mok, champignon du psychopathe, champignon qui rend fou;Champignons v�n�neux; For�t  Sous-bois  sombres  de  feuillus;"Tr�s  joli  mousseron  violac�  �  lamelles mauves.  Sa  tige  fine  et  cassante  a  une couleur  virant  au  bleu,  puis  au  blanc avec  l'�ge  et  peut  atteindre  les  15 centim�tres.  Le  chapeau  mauve  a  une forme  d'ombrelle  referm�e  et  se d�ploie  avec  l'�ge.  Il  mesure  tout  au plus 2 centim�tres de diam�tre. Pousse en  touffes  denses  sur  les  racines  apparentes  ou  les  �corces  basses  des feuillus.
R�ussite  normale  :  Ce champignon est empoisonn�.
R�ussite  significative  :  Plus  connue sous le nom de "" champignon qui rend fou  "",  la  mok  a  la  vilaine  propri�t�  de perturber  les  sens  de  quiconque  la consomme. Les effets se font sentir un nombre  d'heures  �gal  au  seuil  de Constitution  apr�s  l'ingestion.  Le personnage  ressent  d'abord  de  fortes crampes d'estomac, puis en fonction de sa constitution et de sa consommation les  effets  seront  plus  ou  moins d�vastateurs.  Une  vari�t�  de  riz  jaune assez commune et connue sous le nom de riz falip a la propri�t� de constituer un bon antidote contre ce mal. Il s'agit d'un  riz  tr�s  fin  au  go�t  vaguement sucr�. Seul inconv�nient � cet antidote, il ne fonctionne que pris avant le d�but des  effets.  Dans  certains  pays,  la  mok est  consomm�e  dans  des  plats  de  riz falip. C'est le cas de la pot�e bleu-jaune ou du gratin fou.
R�ussite  particuli�re  :  Avec  un  jet d'Intellect/M�decine  �  -7,  le personnage aura la possibilit� de savoir extraire  les  principes  actifs  de  ce champignon (voir Alchimie, recette La mokette).  Avec  un  jet  d'Alchimie  �  -5 c'est un  antidote  que  le joueur conna�t (voir Alchimie, recette L'antimoque ou Anamok). Rare.Effets  du  champignon.  Manger  moins de  champignons  que  le  seuil  de Constitution  entra�ne  la  perte  d'autant de  points  de  vie  que  de  champignons ing�r�s,  mat�rialis�e  sous  la  forme d'une  blessure  l�g�re  �  l'estomac.  Le sujet  est  en  outre  la  proie  �  une  forte fi�vre  et  �  des  troubles  de  la conscience.  Si  le  nombre  de champignons ing�r�s est compris entre le seuil de Constitution et le double de celui-ci,  le  personnage  perd  autant  de points  de  vie  que  de  champignons ing�r�s  et  subit  une  blessure  grave  � l'estomac. Il est en outre en proie � une fi�vre  d�vastatrice.  Entrant  dans  un d�lire  parano�aque,  il  entreprend  de frapper  rageusement  tous  ceux  qui  se trouvent  �  sa  port�e,  et  court  dans les rues  �  la  recherche  de  victimes,  d'o� l'expression bien connue de "" courir la mok  ""  pour  d�signer  une  personne  au comportement  �trange  et  dangereux. Manger  plus  de  ces  champignons signifie  une  mort  dans  d'atroces souffrances.  Les  effets  du  poison s'estompent apr�s deux fois le nombre de champignons ing�r�s en heures.";-5;958;958;50 (Qualit� X/4)
Nanar;Champignons v�n�neux; For�t ;Champignon  assez  amusant,  avec  un pied minuscule et un joli petit chapeau rose.  [M2  /  P  2  minutes  /  D1  /  -3  / Teinture d�Erozonne +16, Lait de lune +12]. Commun.;0;959;992;
Russule herm�tique;Champignons v�n�neux;For�ts de feuillus;"Champignon de la famille des russules. Il  se  distingue  par  la  couleur  rouge sombre  de  son  chapeau,  virant  � l'orange sur les bords.
R�ussite  normale  :  Son  go�t  est  loin d'�tre  d�sagr�able,  mais  il  est g�n�ralement d�daign� des cueilleurs  � cause  de  ses  d�sagr�ables  propri�t�s. Ceux  qui  en  mangent  sont  en  effet parfois  atteints  de  probl�mes d'�locution pour quelques temps. 
R�ussite  significative  : On  conna�t  des cas de personnes qui n'ont plus r�ussi � communiquer pendant des ann�es suite �  une  ingestion  massive  ou  r�p�t�e  de ce champignon. 
R�ussite particuli�re : G�n�ralement les sympt�mes  sont  longs  �  se  d�clarer. Un  jet  d'Intellect/M�decine  �  -4 permet  de  mettre  un  nom  sur  ce d�rangement  :  l'aphasie  ou  plus sp�cifiquement  l'herm�tisme.  Un  jet d'Intellect/Alchimie  �  -6  permet  de savoir  comment  extraire  les  principes actifs  et  comment  faire  la  recette alchimique du pain du b�gue. L'herm�tisme  (effet  de  la  russule 
herm�tique). A chaque consommation, faire  un  jet  de  Constitution/Ecriture modul�  par  le  nombre  de  points  de Sustentation  de  champignons consomm�s  depuis  30  jours.  Le  mal s'exprime  sous  la  forme  d'un  effet imm�diat et  d'un  effet  cumulatif  (ou  � long  terme).  Effets  imm�diats  :  Le personnage  perd  1,  2,3  ou  4  niveaux dans la comp�tence Ecriture selon que le  jet  de  Constitution  obtient  une r�ussite  normale,  un  �chec,  un  �chec particulier,  ou  un  �chec  total.  En  cas d'�chec  particulier  ou  total,  le personnage perd de plus d�finitivement 1  ou  2  points  en  Intellect.  L'Ecriture remonte d'un niveau par heure �coul�e, mais  au  maximum  de  2,  les  autres niveaux  sont  d�finitivement  perdus. Assez rare.";-4;993;994; 4/2 (Qualit� 3)
Salsimir � points verts;Champignons v�n�neux;For�t ;Champignon  semblable  aux  autres vari�t�s de salsimirs, hormis la couleur de ses points. [M1 / P 5 minutes / D1 /  -5  /  Lait  de  lune  +14,  Gel�e  royale +12]. Rare.;-5;995;995;
Souffle-r�ve de limbes;Champignons v�n�neux;For�ts denses;"Champignon  �  lamelles  larges  de couleur  grise, approximativement de  la taille  d'un  dentier  humain,  qui  pousse sur  le  tronc  des  arbres,  g�n�ralement dans les for�ts sombres. Une trop forte lumi�re  aurait  en  effet  tendance  �  le dess�cher et le tuer.
R�ussite  normale  :  Ce champignon est tr�s dangereux pour la sant�.
R�ussite  significative  :  Lorsqu'on  se trouve  �  proximit�  d'un  tel champignon,  il  n'est  pas  rare  de percevoir  des  bruits  �tranges.  Le souffle-r�ve  peut  en  effet  �tre  en relation  directe  avec  un  autre  r�ve, dans  lequel  pousse  un  autre champignon  du  m�me  type.  Comme ces  champignons  poussent  en  g�n�ral dans  des  lieux  obscurs,  les  bruits  se limitent  souvent  � ceux  de  la  for�t,  ce qui  rend  l'interpr�tation  des  bruits difficile.  Comment  diff�rencier  les bruits  venant  du  champignon  des bruits  environnants  ?  Cela  n'a  pas emp�ch�  plusieurs  voyageurs  de chercher  en  vain  l'origine  des  cris  de d�tresse  d'une  demoiselle  alors  que  ce cri a �t� pouss� dans un tout autre r�ve!
R�ussite  particuli�re  :  Certains  de  ces champignons  semblent  directement reli�s  aux  limbes.  On  ne  peut  pas  les diff�rencier des souffle-r�ves normaux, sauf  lorsqu'on  est  s�r  d'entendre  un bruit  provenant  d'un  autre  r�ve. Manger  ces  champignons  du  n�ant �quivaut  �  perdre  une  partie  de  son  propre  �tre,  ce  qui  se  traduit  par  un affaiblissement  qui  peut  provoquer  la mort.  [M  5  /  P  1  heure  /  D6  /  -6  / Tournegraisse  +10,  perles  de  Bjwal +8]. Tr�s Rare";-6;996;996; 1/ � sust (Qualit� 1)
Bolet r�v�lateur (Epice d'humeur);Champignons �tranges;For�ts  caduques  temp�r�es humides;"Le  bolet  r�v�lateur  se  pr�sente  sous  la forme  d'un  champignon  trapu,  �  large chapeau  de  couleur  brune,  tachet�  de gris.  On  le  trouve  principalement  au pied  des  ch�nes  de  certaines  r�gions temp�r�es  mais  humides,  et  la meilleure saison pour le cueillir se situe juste avant le d�but de l'hiver, quand le froid  arrive.  Le  ramasser  est  une exp�rience  surprenante  pour  qui  ne conna�t  pas  le  champignon,  car  il  est dur comme du bois. Une fois "" l'�corce ""  enlev�e,  sa  chair  est  spongieuse  et tout � fait comestible.
R�ussite  normale  :  La  pulpe  du champignon  permet  d'obtenir  de  tr�s bonnes  soupes,  �  l'odeur  tr�s  forte  et capiteuse. Certes, la soupe obtenue est de couleur brune, mais pass� l'obstacle visuel, elle se r�v�le d�licieuse.
R�ussite  significative  :  La  plupart  des ignares  jettent  imm�diatement  l'�corce du champignon apr�s l'avoir d�cortiqu� comme  une  crevette.  Ils  ignorent totalement  que  l'�corce  une  fois moulue  et  laiss�e  repos�e  durant toute une  ann�e  acquiert  des  propri�t�s  tr�s int�ressantes.  M�lang�e  �  un quelconque repas, la poudre brune agit comme  un  r�v�lateur  de  pens�e.  Si  le go�teur a de mauvaises pens�es (ou en a  eu  dans  les  24  heures  pr�c�dent l'ingestion du repas), l'�corce donne un go�t  effroyable  �  la  nourriture.  A l'inverse,  une  personne  ayant  agi  avec g�n�rosit� (aider, �couter, soulager,  �) voit  le  go�t  du  plat  relev�  et  am�lior� (consid�r�  comme  une  qualit�  5).  Le fait  que  la  plupart  des  individus n'�prouvent  ni  l'un  ni  l'autre  n'est qu'une  preuve  de  la neutralit�  g�n�rale des humains, et un argument pour ceux qui  pr�tendent  que  cette  propri�t�  du bolet  r�v�lateur  n'est  qu'une  pure invention.
R�ussite  particuli�re  :  Beaucoup  plus inqui�tant,  le  bolet  r�v�le  �galement l'usage  de  haut-r�vanterie  chez  un go�teur  :  si  le  mangeur  a  pratiqu�  le haut-r�ve  durant  la  journ�e  �coul�e,  il sera  pris  d'irr�pressibles  �ternuements qui  peuvent  certes  passer  pour  une allergie, mais qui aux yeux d'un homme averti  sont  autant  de  preuves  d'usage de  haut-r�ve.  La  crise  d'�ternuements est  d'autant  plus  grave  que  la  haut-r�vanterie  est  intense  (compter  un �ternuement par point de r�ve d�pens� au  cours  de  la  journ�e  �coul�e  par tranche  de  cinq  minutes  :  un  haut-r�vant ayant d�pens� 10 points de r�ve �ternuera  donc  10  fois  en  cinq minutes). Les  effets du  r�v�lateur dans ce  cas  durent  une  demi-heure draconique. Rare.";-4;997;998;1/  �  sust  (Qualit� variable)
Souffle-r�ve;Champignons �tranges;For�ts denses;"Champignon  �  lamelles  larges  de couleur  grise, approximativement de  la taille  d'un  dentier  humain,  qui  pousse sur  le  tronc  des  arbres,  g�n�ralement dans les for�ts sombres. Une trop forte lumi�re  aurait  en  effet  tendance  �  le dess�cher et le tuer.
R�ussite  normale  :  Ce  champignon peut  �tre  dangereux  pour  la  sant�.  Sa consommation  est  donc  d�conseill�e. De toute fa�on, sa texture crayeuse est tr�s  d�sagr�able  sous  la  dent,  et  les couteaux  ont  du  mal  �  produire  des coupes franches.
R�ussite  significative  :  Lorsqu'on  se trouve  �  proximit�  d'un  tel champignon,  il  n'est  pas  rare  de percevoir des bruits �tranges. L�attaque peut  en  effet  �tre  en  relation  directe avec  un  autre  r�ve,  dans lequel  pousse un  autre  champignon  du  m�me  type. Comme  ces champignons poussent en g�n�ral  dans  des  lieux  obscurs,  les bruits  se  limitent  souvent  �  ceux  de  la for�t,  ce  qui  rend  l'interpr�tation  des bruits  difficile.  Comment  diff�rencier les  bruits  venant  du  champignon  des bruits  environnants  ?  Cela  n'a  pas emp�ch�  plusieurs  voyageurs  de chercher  en  vain  l'origine  des  cris  de d�tresse  d'une  demoiselle  alors  que  ce cri a �t� pouss� dans un tout autre r�ve!
R�ussite  particuli�re  :  Certains  de  ces champignons  semblent  directement reli�s  aux  limbes.  On  ne  peut  pas  les diff�rencier des souffle-r�ves normaux, sauf  lorsqu'on  est  s�r  d'entendre  un bruit  provenant  d'un  autre  r�ve. Manger  ces  champignons  du  n�ant �quivaut  �  perdre  une  partie  de  son propre  �tre,  ce  qui  se  traduit  par  un affaiblissement  qui  peut  provoquer  la mort. Les autres champignons peuvent par  contre  �tre  assez  b�n�fiques  :  leur consommation  permet  au  voyageur  de voir dans l'autre r�ve (auquel �tait reli� le  attaque)  comme  s'il  assistait  �  un spectacle.  Ces  visions  al�atoires peuvent  se  produire  n'importe  quand dans  les  12  heures  suivant  la consommation.  Pr�par�  �  l'aide  d'un processus  alchimique,  le  champignon peut  m�me  provoquer  une  d�chirure vers le r�ve d�sign�, rien qu'en avalant la potion ainsi produite. On l�appelle la potion de  change-r�ve  (voir  Alchimie). Tr�s Rare.";-6;999;999; 1/ � sust (Qualit� 1)
Vessie d'Amaskyn�e de L�onard d'O;Champignons �tranges;Tous milieux(sauf glaces) ;"De  forme  g�n�ralement  oblongue  et boursoufl�e,  ce  champignon  se pr�sente  sous  de  tr�s  nombreuses vari�t�s,  de  diff�rentes  formes  et couleurs.  Toutefois,  on  ne  trouve jamais  deux  vari�t�s  diff�rentes  � moins  d'une  centaine  de  m�tres  l'une de  l'autre,  et  certaines  esp�ces  ne  se rencontrent  que  dans  des  lieux improbables  (au  fond  des  puits  de latrines  pour  les  mauves,  entre  les orteils d'oliphants pour les jaunes, etc.). Ce  champignon  fut  �tudi�  de  mani�re intense  par  L�onard  d'O,  un  savant peintre  qui  lui  consacra  quasiment  sa vie  enti�re  et  un  ouvrage  discutable, l'�tat de sant� mentale du vieil homme n'�tant  plus  au  mieux vers  la  fin  de  sa r�daction.
R�ussite  normale  :  L�onard  l'apprit  � ses  d�pends,  la  simple  pr�sence  de spores  d'une  autre  esp�ce  de  vessie suffit  �  d�clencher  une  r�action.  Les champignons  se  mettent  �  exhumer une  liqueur  huileuse  color�e  dont  la chrominance d�pend des deux esp�ces ainsi  mises  en  rapport. Attention donc aux  v�tements  �  proximit�  du  lieu  de stockage  des  champignons.  Le processus  s'ach�ve  invariablement  par la liqu�faction du champignon. 
R�ussite  significative  :  La  constitution d'une  collection  compl�te  de  couleurs rendit  fou  L�onard  d'O,  qui  en  perdit jusqu'�  sa  m�moire  et  en  particulier  le nom de sa ville de naissance. En effet, le  nombre  de  combinaisons  de couleurs est absolument gigantesque, et certaines  esp�ces  sont  plus  rares  que d'autres.  Certaines  couleurs particuli�rement  recherch�es  peuvent atteindre des sommes tr�s importantes sur le march� de l'art (jusqu'� 30 pi�ces d'or !) tandis que les plus communes ne valent que quelques deniers. H�las, une autre propri�t� des couleurs des vessies d'Amaskyn�e  est  qu'elles  ne  se m�langent jamais ! On trouve donc des compositions  d'artistes  pauvres  assez faibles  en  couleurs  tandis  que  les peintres  ayant  consacr�  leur  vie  �  la recherche  de  ces  encres  sp�ciales peuvent  produire  une  oeuvre  riche  et quasi-�ternelle,  les  couleurs  ainsi obtenues  ne  p�lissant  jamais  !  Une science  tr�s  complexe,  la chromatosporie,  permet  d'�tudier  ces couleurs  et  de  stabiliser  les  spores.  Le but  principal  de  la  science  est  de donner  un  nom  �  chaque  couleur obtenue  par  la  combinaison  de  deux esp�ces.  Inutile  de  dire  que  les sp�cialistes  en chromatosporie  sont  de plus  en  plus  rares,  et  que  ceux  qui restent  sont  souvent  d'un  abord  tr�s ennuyeux.
R�ussite  particuli�re  :  D'apr�s  les carnets  fragmentaires  du  peintre sinoque,  issus  eux-m�mes  de recherches  bibliographiques  anciennes, il  y  aurait  en  tout  32  382  couleurs th�oriques  possibles.  Ce  r�sultat  laisse pantois  les  math�maticiens  qui  ont calcul�  qu'il  pourrait  y  avoir  255 esp�ces de ces champignons, mais cela signifierait  qu'il  manque  3  couleurs  au r�sultat  de  L�onard  d'O. S'agit-il  d'une grossi�re erreur de calcul du savant ou cela  implique-t-il  que  trois combinaisons  ne  donnent  pas  de couleur unique ? Y aurait-il un rapport avec  la  couleur  invisible  que  cherchait L�onard  sur  les  derniers  moments  de sa  vie,  alors  qu'il  tentait  d'arracher  un champignon du dos d'un cougard.";-6;1000;1000;Colonies  de  5  �  20 individus (Qualit� 1)
